Company Name,Symbol,Share Volume,Trade Volume,Previous Close (Rs.),Open (Rs.),High (Rs.),Low (Rs.),**Last Trade (Rs.),Change (Rs.),Change (%)
ABANS ELECTRICALS PLC,ABAN.N0000,78,10,1050,1075,1080,1069.75,1069.75,19.75,1.88
ACCESS ENGINEERING PLC,AEL.N0000,89746,91,75.6,75.7,75.9,75,75.1,-0.5,-0.66
ACL CABLES PLC,ACL.N0000,20639,40,94,94.3,94.5,94,94,0,0.00
ACL PLASTICS PLC,APLA.N0000,2705,29,140,143.75,143.75,139.5,139.5,-0.5,-0.36
ACME PRINTING & PACKAGING PLC,ACME.N0000,121397,28,4.2,4.3,4.3,4.2,4.3,0.1,2.38
AGALAWATTE  PLANTATIONS  PLC,AGAL.N0000,2115,15,48.6,46.9,48.1,46.5,48.1,-0.5,-1.03
AGARAPATANA PLANTATIONS PLC,AGPL.N0000,134,4,15.4,15.5,15.5,15.4,15.4,0,0.00
AGSTAR PLC,AGST.N0000,192284,58,12.2,12.3,12.3,11.9,12,-0.2,-1.64
AITKEN SPENCE HOTEL HOLDINGS PLC,AHUN.N0000,155,2,87.4,87.4,87.4,87.2,87.2,-0.2,-0.23
AITKEN SPENCE PLC,SPEN.N0000,2048,18,142.75,142,142.5,140,140,-2.75,-1.93
ALLIANCE FINANCE COMPANY PLC,ALLI.N0000,223,7,306.25,307,307,303.25,305,-1.25,-0.41
ALPHA FIRE SERVICES PLC,AFS.N0000,408,2,27.3,27.8,27.8,27.5,27.5,0.2,0.73
ALUMEX PLC,ALUM.N0000,6564,11,15.9,15.9,16.2,15.9,16.1,0.2,1.26
AMANA BANK PLC,ABL.N0000,21863,15,26.1,26.5,26.5,26.1,26.4,0.3,1.15
AMANA TAKAFUL PLC,ATL.N0000,114128,20,20,20,20.5,19.9,20.5,0.5,2.50
AMBEON CAPITAL PLC,TAP.N0000,58363,12,30.2,30.7,30.7,30,30,-0.2,-0.66
AMBEON HOLDINGS PLC,GREG.N0000,290,1,36.1,37.3,37.3,37.3,37.3,1.2,3.32
ASIA ASSET FINANCE PLC,AAF.N0000,233991,30,46.9,47,47,45.8,46.5,-0.4,-0.85
ASIA SIYAKA COMMODITIES LIMITED,ASIY.N0000,160035,34,13.1,13.2,13.2,12.9,13,-0.1,-0.76
ASIAN HOTELS AND PROPERTIES PLC,AHPL.N0000,20000,4,46.7,46.9,47.5,46.9,47.5,0.8,1.71
ASIRI HOSPITAL HOLDINGS PLC,ASIR.N0000,5323,8,32.1,33.8,33.8,32.5,32.5,0.4,1.25
ASIRI SURGICAL HOSPITAL PLC,AMSL.N0000,144413,69,13.9,13.9,13.9,13.7,13.8,-0.1,-0.72
B P P L HOLDINGS PLC,BPPL.N0000,5000,7,17.9,17.9,18,17.8,18,0.1,0.56
BAIRAHA FARMS PLC,BFL.N0000,80755,32,89,89.9,91,88,89,0,0.00
BALANGODA  PLANTATIONS  PLC,BALA.N0000,233,3,60.8,61,61.5,61,61.5,0.7,1.15
BERUWALA RESORTS PLC,BERU.N0000,1000,1,2.9,2.9,2.9,2.9,2.9,0,0.00
BOGALA GRAPHITE LANKA PLC,BOGA.N0000,1707,13,134.75,135,135,132.5,132.5,-2.25,-1.67
BOGAWANTALAWA TEA ESTATES PLC,BOPL.N0000,18519,27,70.9,71.7,72.5,70.9,72.5,1.6,2.26
BROWN & COMPANY PLC,BRWN.N0000,273,5,134.5,135,137.5,135,137.5,3,2.23
BROWNS INVESTMENTS PLC,BIL.N0000,716060,58,5.1,5.1,5.1,5,5.1,0,0.00
BUKIT DARAH PLC,BUKI.N0000,96,2,859.75,850,850,850,850,-9.75,-1.13
C I C HOLDINGS PLC,CIC.N0000,3457,18,29.2,29.7,29.7,29.2,29.5,0.3,1.03
C I C HOLDINGS PLC,CIC.X0000,13521,19,24.2,24.4,24.5,24,24.5,0.3,1.24
C M HOLDINGS PLC,COLO.N0000,1236,16,38.6,37.5,37.5,37,37,-1.6,-4.15
C T HOLDINGS PLC,CTHR.N0000,2372,14,524.75,529.75,530,528,528,3.25,0.62
C T LAND DEVELOPMENT PLC,CTLD.N0000,6681,15,37,37,37,36.5,37,0,0.00
C. W. MACKIE PLC,CWM.N0000,1586,5,37.8,38,38,37.6,38,0.2,0.53
CABLE SOLUTIONS PLC,CSLK.N0000,140547,60,12.6,12.8,12.9,12.7,12.7,0.1,0.79
CAL FIVE YEAR CLOSED END FUND (“Units”),CALC.U0000,1,1,12.8,12.7,12.7,12.7,12.7,-0.1,-0.78
CAL THREE YEAR CLOSED END FUND (“Units”),CALU.U0000,1,1,9.5,9.4,9.4,9.4,9.4,-0.1,-1.05
CAPITAL ALLIANCE HOLDINGS PLC,CALH.N0000,29264,16,13.5,13.5,13.5,13.3,13.3,-0.2,-1.48
CAPITAL ALLIANCE PLC,CALT.N0000,18086,37,49.6,49.8,49.8,48.9,48.9,-0.7,-1.41
CARGILLS (CEYLON) PLC,CARG.N0000,222,18,686.25,670,670,650,650,-36.25,-5.28
CARGILLS BANK PLC,CBNK.N0000,24008,19,7.4,7.4,7.6,7.4,7.5,0.1,1.35
CARGO BOAT DEVELOPMENT COMPANY PLC,CABO.N0000,1200,7,165.75,166.75,166.75,165.25,165.25,-0.5,-0.30
CENTRAL FINANCE COMPANY PLC,CFIN.N0000,2650,18,227.25,227,227.25,225,225,-2.25,-0.99
CENTRAL INDUSTRIES PLC,CIND.N0000,626,18,214.75,214.5,214.5,209,209,-5.75,-2.68
CEYLINCO HOLDINGS PLC,CINS.N0000,26,2,2850,2890,2890,2850,2850,0,0.00
CEYLINCO HOLDINGS PLC,CINS.X0000,74,6,1600,1600,1600,1540,1541,-59,-3.69
CEYLON COLD STORES PLC,CCS.N0000,34122,94,124,124,124,122.5,122.5,-1.5,-1.21
CEYLON GRAIN ELEVATORS PLC,GRAN.N0000,5790,18,476.25,475,499.5,475,499.5,23.25,4.88
CEYLON HOSPITALS PLC,CHL.X0000,5,1,49.9,50.3,50.3,50.3,50.3,0.4,0.80
CEYLON HOSPITALS PLC,CHL.N0000,4795,6,62.2,60.3,60.3,60.2,60.2,-2,-3.22
CEYLON HOTELS CORPORATION PLC,CHOT.N0000,1040,4,30.8,30.4,30.4,30.4,30.4,-0.4,-1.30
CEYLON INVESTMENT PLC,CINV.N0000,1,1,104.5,106,106,106,106,1.5,1.44
CEYLON LAND & EQUITY PLC,KZOO.N0000,2719,9,8.7,8.7,8.8,8.6,8.7,0,0.00
CEYLON TEA BROKERS PLC,CTBL.N0000,86343,54,10.8,10.9,10.9,10,10,-0.8,-7.41
CEYLON TOBACCO COMPANY PLC,CTC.N0000,710,34,1829.75,1824,1824,1798.25,1800,-29.75,-1.63
CHEVRON LUBRICANTS  LANKA  PLC,LLUB.N0000,4314,19,203.75,204,204,203,204,0.25,0.12
CHRISSWORLD PLC,CWL.N0000,2,1,18,18.2,18.2,18.2,18.2,0.2,1.11
CITIZENS DEVELOPMENT BUSINESS FINANCE PLC,CDB.X0000,18452,30,29.7,29.6,29.6,29.4,29.5,-0.2,-0.67
CITIZENS DEVELOPMENT BUSINESS FINANCE PLC,CDB.N0000,50,1,39.4,39.3,39.3,39.3,39.3,-0.1,-0.25
CITRUS LEISURE PLC,REEF.N0000,21000,10,3.6,3.7,3.7,3.6,3.6,0,0.00
Co-operative Insurance Company PLC,COOP.N0000,310716,44,3.4,3.5,3.5,3.3,3.4,0,0.00
COLOMBO CITY HOLDINGS PLC,PHAR.N0000,50,2,179,171.5,171.5,171.5,171.5,-7.5,-4.19
COLOMBO DOCKYARD PLC,DOCK.N0000,41081,63,122.75,122.5,123.25,121.25,121.25,-1.5,-1.22
COLOMBO LAND AND DEVELOPMENT COMPANY PLC,CLND.N0000,22300,18,48.2,49.7,49.7,48,48.1,-0.1,-0.21
COMMERCIAL BANK OF CEYLON PLC,COMB.N0000,74572,163,203.75,203.5,204,202.75,202.75,-1,-0.49
COMMERCIAL BANK OF CEYLON PLC,COMB.X0000,6092,58,186.25,185.25,186,184,186,-0.25,-0.13
COMMERCIAL CREDIT AND FINANCE PLC,COCR.N0000,69584,98,108.25,109,109,107.75,108.5,0.25,0.23
COMMERCIAL DEVELOPMENT COMPANY PLC,COMD.N0000,101,2,299,293.5,293.75,293.5,293.75,-5.25,-1.76
DANKOTUWA PORCELAIN PLC,DPL.N0000,1001,2,13.8,13.7,13.7,13.7,13.7,-0.1,-0.72
DFCC BANK PLC,DFCC.N0000,3666,37,128,127,127.5,126,127,-1,-0.78
DIALOG AXIATA PLC,DIAL.N0000,42035,122,47,47,47.5,47,47.1,0.1,0.21
DIALOG FINANCE PLC,CALF.N0000,29,3,134,134.5,134.5,133.5,133.5,-0.5,-0.37
DIGITAL MOBILITY SOLUTIONS LANKA PLC,PKME.N0000,48883,17,160,161,161,159.75,160,0,0.00
DILMAH CEYLON TEA COMPANY PLC,CTEA.N0000,1,1,1490,1455,1455,1455,1455,-35,-2.35
DIPPED PRODUCTS PLC,DIPD.N0000,96761,54,57.5,57.5,57.5,56.9,57.3,-0.2,-0.35
DISTILLERIES COMPANY OF SRI LANKA PLC,DIST.N0000,13157,71,55,54.9,55,53.9,54,-1,-1.82
DOLPHIN HOTELS PLC,STAF.N0000,8200,16,41,40.8,40.8,40.1,40.1,-0.9,-2.20
E - CHANNELLING PLC,ECL.N0000,14323,17,15.2,15.9,16.1,15.9,15.9,0.7,4.61
E B CREASY & COMPANY PLC,EBCR.N0000,1785,14,38,38.5,38.5,37.7,37.7,-0.3,-0.79
E M L CONSULTANTS PLC,EML.N0000,17150,18,8.4,8.6,8.6,8.2,8.2,-0.2,-2.38
EAST WEST PROPERTIES PLC,EAST.N0000,11526,9,64.3,66,66,64.9,64.9,0.6,0.93
EASTERN MERCHANTS PLC,EMER.N0000,39110,6,10.6,10,10.4,10,10.3,-0.3,-2.83
EDEN HOTEL LANKA PLC,EDEN.N0000,939,3,9.7,9.7,9.8,9.7,9.8,0.1,1.03
ELPITIYA PLANTATIONS PLC,ELPL.N0000,2156,9,173.25,174,179.5,174,176,2.75,1.59
EQUITY TWO PLC,ETWO.N0000,1042,10,59.3,59.6,59.6,59,59.1,-0.2,-0.34
Ex-pack Corrugated Cartons PLC,PACK.N0000,44709,11,11.5,11.4,11.4,11.3,11.4,-0.1,-0.87
EXTERMINATORS PLC,EXT.N0000,5509,11,13.4,13.3,14.3,13.3,13.4,0,0.00
FIRST CAPITAL HOLDINGS PLC,CFVF.N0000,10679,14,45.4,46.9,46.9,45.7,45.7,0.3,0.66
First Capital Treasuries PLC,FCT.N0000,2883,19,28.1,28.1,28.1,27.8,28,-0.1,-0.36
GALLE FACE CAPITAL PARTNERS PLC,WAPO.N0000,8806,7,20.1,20.5,20.5,19.9,19.9,-0.2,-1.00
GESTETNER OF CEYLON PLC,GEST.N0000,7,1,345,325.25,325.25,325.25,325.25,-19.75,-5.72
GREENTECH ENERGY PLC,MEL.N0000,21100,5,5.2,5.2,5.2,5,5,-0.2,-3.85
HARISCHANDRA MILLS PLC,HARI.N0000,2,2,5011.25,5000,5085,5000,5085,73.75,1.47
HATTON NATIONAL BANK PLC,HNB.X0000,1964,31,335.25,335,336,333.5,333.5,-1.75,-0.52
HATTON NATIONAL BANK PLC,HNB.N0000,3204,48,384,384.25,385,383.75,384.5,0.5,0.13
HATTON PLANTATIONS PLC,HPL.N0000,1005,11,25.2,25.9,25.9,24.6,24.6,-0.6,-2.38
HAYCARB PLC,HAYC.N0000,219610,225,178.75,178.75,187,178.75,186,7.25,4.06
HAYLEYS FABRIC PLC,MGT.N0000,4332,27,28.3,28.1,28.1,28,28,-0.3,-1.06
HAYLEYS FIBRE PLC,HEXP.N0000,32901,68,158.5,159.75,164,159.75,163.5,5,3.15
HAYLEYS PLC,HAYL.N0000,1232,35,225.25,228,228,225,226.5,1.25,0.55
HEMAS HOLDINGS PLC,HHL.N0000,35646,73,31.8,31.6,31.7,31.5,31.6,-0.2,-0.63
HIKKADUWA BEACH RESORT PLC,CITH.N0000,39040,16,4.8,4.7,4.8,4.5,4.5,-0.3,-6.25
HNB FINANCE PLC,HNBF.X0000,1664,2,7.2,7.2,7.2,7.2,7.2,0,0.00
HNB FINANCE PLC,HNBF.N0000,392325,32,8.3,8.4,8.5,8.2,8.2,-0.1,-1.20
HNB LIFE PLC,HASU.N0000,139,1,149.75,149.5,149.5,149.5,149.5,-0.25,-0.17
HORANA PLANTATIONS PLC,HOPL.N0000,178,9,53.1,53,53.6,50.1,53.6,0.5,0.94
HOTEL SIGIRIYA PLC,HSIG.N0000,9156,10,70.5,73.4,73.4,70.1,70.1,-0.4,-0.57
HOUSING DEVELOPMENT FINANCE CORPORATION BANK OF SL,HDFC.N0000,4083,7,68.9,69,69,67.9,68.9,0,0.00
hSenid Business Solutions PLC,HBS.N0000,397869,40,25.8,26,26,25,25,-0.8,-3.10
HVA FOODS PLC,HVA.N0000,205,3,5.1,5.2,5.2,5.1,5.1,0,0.00
INDUSTRIAL ASPHALTS (CEYLON) PLC,ASPH.N0000,778883,19,0.6,0.6,0.7,0.6,0.6,0,0.00
JANASHAKTHI INSURANCE PLC,JINS.N0000,10367,45,42.5,43.4,43.4,42,42,-0.5,-1.18
JANASHAKTHI LIMITED,JXG.N0000,92790,44,11.2,11.2,11.2,11.1,11.1,-0.1,-0.89
JAT HOLDINGS PLC,JAT.N0000,6851,17,35,36.2,36.2,35.1,36,1,2.86
JETWING SYMPHONY PLC,JETS.N0000,20207,8,14.1,14.1,14.1,14,14.1,0,0.00
JF PACKAGING PLC,JFP.N0000,7800,15,16,16,16.5,16,16.5,0.5,3.13
JOHN KEELLS HOLDINGS PLC,JKH.N0000,3769564,147,19.8,19.9,20,19.8,20,0.2,1.01
JOHN KEELLS HOTELS PLC,KHL.N0000,128798,38,16.5,16.5,16.8,16.5,16.7,0.2,1.21
JOHN KEELLS PLC,JKL.N0000,20,1,80,78.1,78.1,78.1,78.1,-1.9,-2.38
KAPRUKA HOLDINGS PLC,KPHL.N0000,6022,7,19,19,20,19,19.9,0.9,4.74
KEELLS FOOD PRODUCTS PLC,KFP.N0000,6,1,167.25,170,170,170,170,2.75,1.64
KELANI CABLES PLC,KCAB.N0000,43781,59,98,98,99,97.1,97.2,-0.8,-0.82
KELANI TYRES PLC,TYRE.N0000,14568,70,93.4,93.6,93.6,92.9,93,-0.4,-0.43
KELANI VALLEY PLANTATIONS PLC,KVAL.N0000,125,3,82,82,82,82,82,0,0.00
KERNER HAUS GLOBAL SOLUTIONS PLC,CPRT.N0000,6524,27,30.3,30,31.3,29.7,31.3,1,3.30
KOTAGALA PLANTATIONS PLC,KOTA.N0000,7590,12,8,8,8.1,8,8.1,0.1,1.25
KOTMALE HOLDINGS PLC,LAMB.N0000,53,8,1231,1350,1350,1345,1345,114,9.26
L O L C HOLDINGS PLC,LOLC.N0000,1786,12,475,475,475,473,474,-1,-0.21
L V L ENERGY FUND PLC,LVEF.N0000,501,7,6.8,6.8,6.8,6.7,6.8,0,0.00
LANKA ALUMINIUM INDUSTRIES PLC,LALU.N0000,2005,12,40,40,40,39.7,40,0,0.00
LANKA ASHOK LEYLAND PLC,ASHO.N0000,3,3,2871.75,2755.25,2899.5,2755.25,2894.75,23,0.80
LANKA CREDIT AND BUSINESS FINANCE PLC,LCBF.N0000,266914,39,6.1,6.1,6.2,5.9,5.9,-0.2,-3.28
LANKA IOC PLC,LIOC.N0000,8748,80,133.25,134,134,131.5,131.75,-1.5,-1.13
LANKA MILK FOODS (CWE) PLC,LMF.N0000,89001,86,87,87,87,86,86.7,-0.3,-0.34
LANKA REALTY INVESTMENTS PLC,ASCO.N0000,6005,6,55,55.5,55.5,54.5,55.5,0.5,0.91
LANKA TILES PLC,TILE.N0000,4830,16,42.8,42.8,42.8,42.5,42.6,-0.2,-0.47
LANKA VENTURES PLC,LVEN.N0000,507,6,50,50,50,50,50,0,0.00
LANKA WALLTILE PLC,LWL.N0000,34671,12,44,44,44.1,43.9,43.9,-0.1,-0.23
LANKEM CEYLON PLC,LCEY.N0000,50,1,37,37,37,37,37,0,0.00
LAUGFS GAS PLC,LGL.N0000,11006,26,44.9,46.9,47,44,44.9,0,0.00
LAUGFS GAS PLC,LGL.X0000,205,2,35,35,35,35,35,0,0.00
LAUGFS POWER PLC,LPL.N0000,642,4,10.7,10.7,10.7,10.6,10.6,-0.1,-0.93
LAUGFS POWER PLC,LPL.X0000,26364,8,8.8,8.7,8.7,8.6,8.6,-0.2,-2.27
LAXAPANA PLC,LITE.N0000,1,1,45,43.3,43.3,43.3,43.3,-1.7,-3.78
LB FINANCE PLC,LFIN.N0000,8694,35,157,158,158,156.25,157,0,0.00
LEE HEDGES PLC,SHAW.N0000,25000,1,307,305,305,305,305,-2,-0.65
LION BREWERY (CEYLON) PLC,LION.N0000,20,5,1726.5,1760,1760,1738,1738,11.5,0.67
LOLC FINANCE PLC,LOFC.N0000,33096,17,5.1,5.2,5.2,5,5.1,0,0.00
LOLC GENERAL INSURANCE PLC,LGIL.N0000,36,2,7.1,7.2,7.2,7.2,7.2,0.1,1.41
LOTUS HYDRO POWER PLC,HPFL.N0000,480,5,12.5,12.3,12.3,12.3,12.3,-0.2,-1.60
LUMINEX PLC,LUMX.N0000,1651,3,9.4,9.2,9.5,9.2,9.5,0.1,1.06
MADULSIMA  PLANTATIONS  PLC,MADU.N0000,105,2,9.9,9.8,9.9,9.8,9.9,0,0.00
MAHARAJA FOODS PLC,MFPE.N0000,1540,8,16.2,16.4,16.4,16.1,16.3,0.1,0.62
MARAWILA  RESORTS  PLC,MARA.N0000,3000,1,5.5,5.5,5.5,5.5,5.5,0,0.00
MASKELIYA PLANTATIONS PLC,MASK.N0000,942,11,64.8,64.8,64.8,62.7,64.8,0,0.00
MELSTACORP PLC,MELS.N0000,1457,20,192,191.75,192,191,191.5,-0.5,-0.26
MERCANTILE INVESTMENTS AND FINANCE PLC,MERC.N0000,19427,15,23.6,23.5,23.7,23.2,23.5,-0.1,-0.42
MERCANTILE SHIPPING COMPANY PLC,MSL.N0000,329,16,206,187.75,207.5,187.75,206.5,0.5,0.24
MERCHANT BANK OF SRI LANKA & FINANCE PLC,MBSL.N0000,4,1,10.8,10.5,10.5,10.5,10.5,-0.3,-2.78
MILLENNIUM HOUSING DEVELOPERS PLC,MHDL.N0000,18716,5,8.5,8.8,8.9,8.5,8.5,0,0.00
MULLER & PHIPPS (CEYLON) PLC,MULL.N0000,103676,9,2.2,2.2,2.2,2.1,2.2,0,0.00
NAMUNUKULA PLANTATIONS PLC,NAMU.N0000,100,2,66,65.6,65.6,65.6,65.6,-0.4,-0.61
NATIONAL DEVELOPMENT BANK PLC,NDB.N0000,42429,41,112,113,113,111,111,-1,-0.89
NATIONS TRUST BANK PLC,NTB.N0000,1299,28,306,305.5,313,305.25,305.5,-0.5,-0.16
NAWALOKA HOSPITALS PLC,NHL.N0000,4519,8,13,12.9,12.9,12.8,12.8,-0.2,-1.54
ODEL PLC,ODEL.N0000,4332,9,10.5,10.8,11.4,10.7,11.4,0.9,8.57
ON'ALLY HOLDINGS PLC,ONAL.N0000,210,6,47.9,47.9,47.9,47,47,-0.9,-1.88
OVERSEAS REALTY (CEYLON) PLC,OSEA.N0000,158947,54,50.8,51,51.2,50.7,51.1,0.3,0.59
PAN ASIA BANKING CORPORATION PLC,PABC.N0000,18747,13,56,55,56,55,55.2,-0.8,-1.43
PANASIAN POWER PLC,PAP.N0000,3664,16,15.8,15.6,16,15.5,15.6,-0.2,-1.27
PEOPLE'S LEASING & FINANCE PLC,PLC.N0000,40709,23,19.6,19.6,19.6,19.5,19.5,-0.1,-0.51
PGP GLASS CEYLON PLC,GLAS.N0000,42,4,56.3,55.7,56.5,55.7,55.7,-0.6,-1.07
PMF FINANCE PLC,PMB.N0000,3001,7,10.2,10.1,10.5,10.1,10.5,0.3,2.94
PRIME LANDS RESIDENCIES PLC,PLR.N0000,23731,48,42.6,43,43.1,42,42.1,-0.5,-1.17
PRINTCARE PLC,CARE.N0000,2240,7,40.1,40.7,40.7,38.5,38.5,-1.6,-3.99
R I L PROPERTY PLC,RIL.N0000,128876,68,24.1,24.1,24.9,23.9,23.9,-0.2,-0.83
RAIGAM WAYAMBA SALTERNS PLC,RWSL.N0000,281,12,19.5,19.1,20.1,19.1,19.9,0.4,2.05
RAMBODA FALLS PLC,RFL.N0000,205,3,23.2,23.2,23.9,23.2,23.9,0.7,3.02
RENUKA AGRI FOODS PLC,RAL.N0000,60157,30,11.1,11.4,11.4,11,11.1,0,0.00
RENUKA CITY HOTELS PLC.,RENU.N0000,32,4,782.75,785,785,785,785,2.25,0.29
RENUKA FOODS PLC,COCO.N0000,12629,13,26.3,25.7,26.7,25.5,26.5,0.2,0.76
RENUKA FOODS PLC,COCO.X0000,325,4,22.5,21.6,22.4,21.5,21.7,-0.8,-3.56
RENUKA HOLDINGS PLC,RHL.X0000,18,1,32.1,33,33,33,33,0.9,2.80
RENUKA HOLDINGS PLC,RHL.N0000,935,3,44.6,43.8,45,43.8,45,0.4,0.90
RESUS ENERGY PLC,HPWR.N0000,242,4,8.6,8.6,8.8,8.6,8.8,0.2,2.33
RICHARD PIERIS AND COMPANY PLC,RICH.N0000,1095,8,26.2,26.5,26.5,26.1,26.5,0.3,1.15
RICHARD PIERIS EXPORTS PLC,REXP.N0000,100,3,338.75,340,340,340,340,1.25,0.37
ROYAL CERAMICS LANKA PLC,RCL.N0000,7912,11,45.4,45.4,45.9,45.4,45.6,0.2,0.44
SAMPATH BANK PLC,SAMP.N0000,20390,155,140,140,140,139.5,139.5,-0.5,-0.36
SAMSON INTERNATIONAL PLC,SIL.N0000,1400,8,563.25,553.5,555,551.5,555,-8.25,-1.46
SARVODAYA DEVELOPMENT FINANCE PLC,SDF.N0000,9201,5,39,39.5,39.5,39,39,0,0.00
SATHOSA MOTORS PLC,SMOT.N0000,24,3,1566,1540,1540,1540,1540,-26,-1.66
SENKADAGALA FINANCE COMPANY PLC,SFCL.N0000,85,11,360,350,373.5,350,351,-9,-2.50
SERENDIB HOTELS PLC,SHOT.N0000,499,4,16.8,16.8,17,16.8,16.8,0,0.00
SEYLAN BANK PLC,SEYB.X0000,12636,18,69.1,69.1,69.4,69,69,-0.1,-0.14
SEYLAN BANK PLC,SEYB.N0000,2180,25,97.9,98.9,98.9,97.1,97.9,0,0.00
SEYLAN DEVELOPMENTS PLC,CSD.N0000,2,2,26,25.9,25.9,25.9,25.9,-0.1,-0.38
SIERRA CABLES PLC,SIRA.N0000,567377,198,34.6,34.7,34.8,34.6,34.7,0.1,0.29
SIGIRIYA VILLAGE HOTELS PLC,SIGV.N0000,938,5,13.1,13.1,13.1,13,13.1,0,0.00
SINGER (SRI LANKA) PLC,SINS.N0000,103497,46,78,78,78.4,78,78.4,0.4,0.51
SINGER FINANCE LANKA PLC,SFIN.N0000,3448,14,48.6,49,49,48.5,48.5,-0.1,-0.21
SINGHE HOSPITALS PLC,SINH.N0000,641,9,21.5,21.3,21.5,20.8,20.8,-0.7,-3.26
SMB FINANCE PLC,SEMB.N0000,222391,13,1,1,1,0.9,1,0,0.00
SMB FINANCE PLC,SEMB.X0000,4134638,48,0.3,0.3,0.4,0.2,0.3,0,0.00
SOFTLOGIC CAPITAL PLC,SCAP.N0000,236643,58,11,11,11.4,10.4,11,0,0.00
SOFTLOGIC FINANCE PLC,CRL.N0000,219567,32,5.4,5.3,5.4,5.2,5.2,-0.2,-3.70
SOFTLOGIC HOLDINGS PLC,SHL.N0000,19890,24,9.5,9.7,9.8,9.6,9.8,0.3,3.16
SOFTLOGIC LIFE INSURANCE PLC,AAIC.N0000,14394,30,82,82.1,82.1,81.5,82.1,0.1,0.12
SRI LANKA TELECOM PLC,SLTL.N0000,2016,15,86.6,86.6,86.6,86.4,86.6,0,0.00
SUNSHINE HOLDINGS PLC,SUN.N0000,98595,79,29.5,29.6,29.9,29.3,29.5,0,0.00
SWADESHI INDUSTRIAL WORKS  PLC,SWAD.N0000,1,1,15103.25,14999,14999,14999,14999,-104.25,-0.69
SWISSTEK (CEYLON) PLC,PARQ.N0000,14664,43,70,70,71.5,68.5,70.4,0.4,0.57
TAL LANKA HOTELS PLC,TAJ.N0000,349,2,31,32,32,32,32,1,3.23
TALAWAKELLE TEA ESTATES PLC,TPL.N0000,35,6,142,143.25,148.5,143.25,148.5,6.5,4.58
TEA SMALLHOLDER FACTORIES PLC,TSML.N0000,3600,6,36,36.5,36.5,36,36.4,0.4,1.11
TEEJAY LANKA PLC,TJL.N0000,27421,17,30.1,30.2,30.3,30,30.3,0.2,0.66
TESS AGRO PLC,TESS.N0000,30147,11,1.8,1.9,1.9,1.8,1.9,0.1,5.56
TESS AGRO PLC,TESS.X0000,778,2,1.4,1.4,1.4,1.4,1.4,0,0.00
THE  LIGHTHOUSE  HOTEL  PLC,LHL.N0000,100,2,66.8,66.2,66.2,66.2,66.2,-0.6,-0.90
THE COLOMBO FORT LAND AND BUILDING PLC,CFLB.N0000,105,2,58,58.3,58.3,58,58,0,0.00
THE KANDY HOTELS COMPANY (1938) PLC,KHC.N0000,100,1,14,14,14,14,14,0,0.00
THE KINGSBURY PLC,SERV.N0000,2301,10,14.1,14.2,14.2,14.1,14.1,0,0.00
THE LANKA HOSPITALS CORPORATION PLC,LHCL.N0000,5857,11,111,111,114,111,114,3,2.70
THREE ACRE FARMS PLC,TAFL.N0000,2081,8,611.75,614,614,610,610,-1.75,-0.29
TOKYO CEMENT COMPANY (LANKA) PLC,TKYO.X0000,55958,51,61.4,61.3,61.6,61.1,61.3,-0.1,-0.16
TOKYO CEMENT COMPANY (LANKA) PLC,TKYO.N0000,13551,24,79.6,79.8,80,79.6,79.6,0,0.00
UB FINANCE PLC,UBF.N0000,36591,16,2.3,2.2,2.3,2.2,2.2,-0.1,-4.35
UNION ASSURANCE PLC,UAL.N0000,1139,5,72,72,72,72,72,0,0.00
UNION BANK OF COLOMBO PLC,UBC.N0000,232,7,12.2,12.2,12.2,12.2,12.2,0,0.00
UNION CHEMICALS LANKA PLC,UCAR.N0000,2,1,2330.25,2326.25,2326.25,2326.25,2326.25,-4,-0.17
UNITED MOTORS LANKA PLC,UML.N0000,11859,29,26,26.5,26.5,26,26.4,0.4,1.54
VALLIBEL FINANCE PLC,VFIN.N0000,6624,15,93,94.9,94.9,92.5,92.5,-0.5,-0.54
VALLIBEL ONE PLC,VONE.N0000,7433,15,91.4,91.2,92.2,91,91,-0.4,-0.44
VALLIBEL POWER ERATHNA PLC,VPEL.N0000,1652,15,15.3,15.3,15.3,15.2,15.3,0,0.00
VIDULLANKA PLC,VLL.X0000,3000,1,17.7,18,18,18,18,0.3,1.69
VIDULLANKA PLC,VLL.N0000,12537,12,20.7,20.7,21,20.7,20.9,0.2,0.97
WASKADUWA BEACH RESORT PLC,CITW.N0000,5186,4,1.6,1.6,1.7,1.6,1.6,0,0.00
WATAWALA  PLANTATIONS  PLC,WATA.N0000,41191,57,43.1,43,43.4,42.8,42.8,-0.3,-0.70
WEALTHTRUST SECURITIES PLC,WLTH.N0000,3855,4,12,12,12,11.9,12,0,0.00
WINDFORCE PLC,WIND.N0000,4741,14,40.4,40.5,40.5,40.4,40.4,0,0.00
YORK ARCADE HOLDINGS PLC,YORK.N0000,1000,2,13.5,13.5,13.5,13.4,13.4,-0.1,-0.74